"phoneme","canBeFirst","canBeMid","maleEnding","femaleEnding","outFirst","likedFirst","outMid","likedMid","outMale","likedMale","outFemale","likedFemale"
"a'",TRUE,FALSE,FALSE,FALSE,0,0,0,0,0,0,0,0
"aa",TRUE,TRUE,FALSE,TRUE,1,0,0,0,0,0,0,0
"aa'",TRUE,FALSE,FALSE,FALSE,0,0,0,0,0,0,0,0
"aay",TRUE,TRUE,TRUE,TRUE,0,0,0,0,0,0,0,0
"ae",TRUE,TRUE,FALSE,TRUE,0,0,0,0,0,0,0,0
"aé",TRUE,TRUE,FALSE,TRUE,0,0,0,0,0,0,0,0
"ai",TRUE,TRUE,TRUE,TRUE,0,0,0,0,0,0,0,0
"an",TRUE,TRUE,TRUE,TRUE,0,0,0,0,0,0,0,0
"ao",TRUE,TRUE,TRUE,FALSE,0,0,0,0,0,0,0,0
"au",TRUE,TRUE,TRUE,TRUE,0,0,0,0,0,0,0,0
"ay",TRUE,TRUE,TRUE,TRUE,0,0,0,0,0,0,0,0
"b'",TRUE,FALSE,FALSE,FALSE,0,0,0,0,0,0,0,0
"ba",TRUE,TRUE,FALSE,TRUE,0,0,0,0,0,0,0,0
"bae",TRUE,TRUE,FALSE,TRUE,0,0,0,0,0,0,0,0
"bay",TRUE,TRUE,TRUE,FALSE,0,0,0,0,0,0,0,0
"be",TRUE,TRUE,TRUE,TRUE,0,0,0,0,0,0,0,0
"bé",TRUE,TRUE,FALSE,TRUE,0,0,0,0,0,0,0,0
"berg",FALSE,FALSE,TRUE,FALSE,0,0,1,0,0,0,0,0
"bh'",TRUE,FALSE,FALSE,FALSE,0,0,0,0,0,0,0,0
"bha",TRUE,TRUE,FALSE,TRUE,0,0,0,0,0,0,0,0
"bhae",TRUE,TRUE,FALSE,TRUE,0,0,0,0,0,0,0,0
"bhay",TRUE,TRUE,TRUE,FALSE,0,0,0,0,0,0,0,0
"bhe",TRUE,TRUE,TRUE,TRUE,0,0,0,0,0,0,0,0
"bhé",TRUE,TRUE,FALSE,TRUE,0,0,0,0,0,0,0,0
"bhi",TRUE,TRUE,TRUE,TRUE,0,0,0,0,0,0,0,0
"bho",TRUE,TRUE,TRUE,FALSE,0,0,0,0,0,0,0,0
"bhoo",FALSE,TRUE,TRUE,TRUE,0,0,0,0,0,0,0,0
"bhu",TRUE,TRUE,TRUE,TRUE,0,0,0,0,0,0,0,0
"bhy",TRUE,TRUE,TRUE,TRUE,0,0,0,0,0,0,0,0
"bi",TRUE,TRUE,TRUE,TRUE,0,0,0,0,0,0,0,0
"bo",TRUE,TRUE,TRUE,FALSE,0,0,0,0,0,0,0,0
"boo",FALSE,TRUE,TRUE,FALSE,0,0,0,0,0,0,0,0
"br'",TRUE,FALSE,FALSE,FALSE,1,0,0,0,0,0,0,0
"bra",TRUE,TRUE,FALSE,TRUE,0,0,0,0,0,0,0,0
"brae",TRUE,TRUE,FALSE,TRUE,1,0,0,0,0,0,0,0
"bray",TRUE,TRUE,TRUE,FALSE,0,0,0,0,0,0,0,0
"bre",TRUE,TRUE,TRUE,TRUE,0,0,0,0,0,0,0,0
"bré",TRUE,TRUE,FALSE,TRUE,0,0,0,0,0,0,0,0
"bri",TRUE,TRUE,TRUE,TRUE,0,0,0,0,0,0,0,0
"bro",TRUE,TRUE,TRUE,FALSE,1,0,0,0,0,0,0,0
"bru",TRUE,TRUE,TRUE,FALSE,0,0,0,0,0,0,0,0
"bry",TRUE,TRUE,TRUE,TRUE,0,0,0,0,0,0,0,0
"bu",TRUE,TRUE,TRUE,FALSE,0,0,0,0,0,0,0,0
"buy",TRUE,TRUE,TRUE,FALSE,0,0,0,0,0,0,0,0
"by",TRUE,TRUE,TRUE,TRUE,0,0,0,0,0,0,0,0
"c'",TRUE,FALSE,FALSE,FALSE,0,0,0,0,0,0,0,0
"ca",TRUE,TRUE,FALSE,TRUE,0,0,0,0,0,0,0,0
"ça",TRUE,TRUE,FALSE,TRUE,0,0,0,0,0,0,0,0
"cae",TRUE,TRUE,FALSE,TRUE,0,0,0,0,0,0,0,0
"cay",TRUE,TRUE,TRUE,FALSE,0,0,0,0,0,0,0,0
"çay",TRUE,TRUE,TRUE,FALSE,0,0,0,0,0,0,0,0
"ce",TRUE,TRUE,TRUE,TRUE,0,0,1,0,0,0,0,0
"cé",TRUE,TRUE,FALSE,TRUE,0,0,0,0,0,0,0,0
"ch'",TRUE,FALSE,FALSE,FALSE,0,0,0,0,0,0,0,0
"cha",TRUE,TRUE,FALSE,TRUE,0,0,0,0,0,0,0,0
"chae",TRUE,TRUE,FALSE,TRUE,0,0,0,0,0,0,0,0
"chaé",TRUE,TRUE,FALSE,TRUE,0,0,0,0,0,0,0,0
"chay",TRUE,TRUE,TRUE,FALSE,0,0,0,0,1,0,0,0
"che",TRUE,TRUE,FALSE,TRUE,0,0,0,0,0,0,0,0
"ché",TRUE,TRUE,FALSE,TRUE,0,0,0,0,0,0,0,0
"chi",TRUE,TRUE,FALSE,TRUE,0,0,0,0,0,0,0,0
"cho",TRUE,TRUE,TRUE,FALSE,0,0,0,0,0,0,0,0
"choo",FALSE,TRUE,TRUE,FALSE,0,0,0,0,0,0,0,0
"chu",TRUE,TRUE,TRUE,FALSE,0,0,0,0,0,0,0,0
"chy",TRUE,TRUE,TRUE,TRUE,0,0,0,0,0,0,0,0
"ci",TRUE,TRUE,FALSE,TRUE,0,0,0,0,0,0,0,0
"cious",FALSE,TRUE,TRUE,FALSE,0,0,0,0,0,0,0,0
"cius",FALSE,TRUE,TRUE,FALSE,0,0,0,0,0,0,0,0
"co",TRUE,TRUE,TRUE,TRUE,0,0,0,0,0,0,0,0
"ço",TRUE,TRUE,TRUE,FALSE,0,0,0,0,0,0,0,0
"coo",FALSE,TRUE,TRUE,TRUE,0,0,0,0,0,0,0,0
"cu",TRUE,TRUE,TRUE,FALSE,0,0,0,0,0,0,0,0
"cuy",TRUE,TRUE,TRUE,FALSE,0,0,0,0,0,0,0,0
"cy",TRUE,TRUE,TRUE,TRUE,0,0,0,0,0,0,0,0
"d'",TRUE,FALSE,FALSE,FALSE,0,0,0,0,0,0,0,0
"da",TRUE,TRUE,FALSE,TRUE,0,0,0,0,0,0,0,0
"dae",TRUE,TRUE,FALSE,TRUE,0,0,0,0,0,0,0,0
"day",TRUE,TRUE,TRUE,TRUE,0,0,0,0,0,0,0,0
"de",TRUE,TRUE,TRUE,TRUE,0,0,0,0,0,0,0,0
"dé",TRUE,TRUE,FALSE,TRUE,0,0,0,0,0,0,0,0
"dh'",TRUE,FALSE,FALSE,FALSE,0,0,0,0,0,0,0,0
"dha",TRUE,TRUE,FALSE,TRUE,0,0,0,0,0,0,0,0
"dhae",TRUE,TRUE,FALSE,TRUE,0,0,0,0,0,0,0,0
"dhaé",TRUE,TRUE,FALSE,TRUE,0,0,0,0,0,0,0,0
"dhay",TRUE,TRUE,TRUE,TRUE,0,0,0,0,0,0,0,0
"dhe",FALSE,TRUE,TRUE,TRUE,0,0,0,0,0,0,0,0
"dhé",TRUE,TRUE,FALSE,TRUE,0,0,0,0,0,0,0,0
"dhi",TRUE,TRUE,TRUE,TRUE,0,0,0,0,0,0,0,0
"dho",TRUE,TRUE,TRUE,FALSE,0,0,0,0,1,0,0,0
"dhoo",FALSE,TRUE,TRUE,TRUE,0,0,0,0,0,0,0,0
"dhu",TRUE,TRUE,TRUE,TRUE,0,0,1,0,0,0,0,0
"dhy",TRUE,TRUE,TRUE,TRUE,0,0,0,0,0,0,0,0
"di",TRUE,TRUE,TRUE,TRUE,0,0,0,0,0,0,0,0
"do",TRUE,TRUE,TRUE,FALSE,0,0,0,0,0,0,0,0
"doo",FALSE,TRUE,TRUE,TRUE,0,0,0,0,0,0,0,0
"dra",TRUE,TRUE,FALSE,TRUE,0,0,0,0,0,0,0,0
"drae",TRUE,TRUE,FALSE,TRUE,0,0,0,0,0,0,0,0
"dray",TRUE,TRUE,TRUE,FALSE,0,0,0,0,0,0,0,0
"dre",TRUE,TRUE,TRUE,TRUE,0,0,0,0,0,0,0,0
"dré",TRUE,TRUE,TRUE,TRUE,0,0,0,0,0,0,0,0
"dri",TRUE,TRUE,TRUE,TRUE,0,0,0,0,0,0,0,0
"dro",TRUE,TRUE,TRUE,FALSE,0,0,0,0,0,0,0,0
"droo",FALSE,TRUE,TRUE,TRUE,0,0,0,0,0,0,0,0
"dru",TRUE,TRUE,TRUE,TRUE,0,0,0,0,0,0,0,0
"dry",TRUE,TRUE,TRUE,TRUE,0,0,0,0,0,0,0,0
"du",TRUE,TRUE,TRUE,TRUE,0,0,0,0,0,0,0,0
"dw'",TRUE,FALSE,FALSE,FALSE,0,0,0,0,0,0,0,0
"dwa",TRUE,TRUE,FALSE,TRUE,0,0,0,0,0,0,0,0
"dwae",TRUE,TRUE,TRUE,TRUE,0,0,0,0,0,0,0,0
"dway",TRUE,TRUE,TRUE,FALSE,0,0,1,0,0,0,0,0
"dwe",TRUE,TRUE,TRUE,FALSE,0,0,0,0,0,0,0,0
"dwé",TRUE,TRUE,FALSE,TRUE,0,0,0,0,0,0,0,0
"dwi",TRUE,TRUE,TRUE,TRUE,0,0,0,0,0,0,0,0
"dwo",TRUE,TRUE,TRUE,FALSE,0,0,0,0,0,0,0,0
"dwy",TRUE,TRUE,TRUE,TRUE,0,0,0,0,0,0,0,0
"dy",TRUE,TRUE,TRUE,TRUE,0,0,0,0,0,0,0,0
"e'",TRUE,FALSE,FALSE,FALSE,0,0,0,0,0,0,0,0
"ea",TRUE,TRUE,FALSE,TRUE,0,0,0,0,0,0,0,0
"eay",TRUE,TRUE,TRUE,TRUE,0,0,0,0,0,0,0,0
"ee",TRUE,TRUE,TRUE,TRUE,1,0,0,0,0,0,0,0
"eé",TRUE,TRUE,FALSE,TRUE,0,0,0,0,0,0,0,0
"ée",TRUE,TRUE,FALSE,TRUE,0,0,0,0,0,0,0,0
"ee'",TRUE,FALSE,FALSE,FALSE,0,0,0,0,0,0,0,0
"ei",TRUE,TRUE,TRUE,TRUE,0,0,0,0,0,0,0,0
"en",TRUE,TRUE,TRUE,TRUE,0,0,0,0,0,0,0,0
"eo",TRUE,TRUE,TRUE,FALSE,0,0,0,0,0,0,0,0
"eu",TRUE,TRUE,TRUE,TRUE,0,0,0,0,0,0,1,0
"ey",TRUE,TRUE,TRUE,TRUE,0,0,0,0,0,0,0,0
"f'",TRUE,FALSE,FALSE,FALSE,0,0,0,0,0,0,0,0
"fa",TRUE,TRUE,FALSE,TRUE,1,0,0,0,0,0,0,0
"fae",TRUE,TRUE,TRUE,TRUE,0,0,0,0,0,0,0,0
"fay",TRUE,TRUE,TRUE,TRUE,0,0,0,0,0,0,0,0
"fe",TRUE,TRUE,TRUE,TRUE,1,0,0,0,0,0,0,0
"fé",TRUE,TRUE,FALSE,TRUE,0,0,0,0,0,0,0,0
"fi",TRUE,TRUE,TRUE,TRUE,0,0,0,0,0,0,0,0
"fl'",TRUE,FALSE,FALSE,FALSE,0,0,0,0,0,0,0,0
"fla",TRUE,TRUE,FALSE,TRUE,0,0,0,0,0,0,0,0
"flae",TRUE,TRUE,TRUE,TRUE,0,0,0,0,0,0,0,0
"flay",TRUE,TRUE,TRUE,FALSE,0,0,0,0,0,0,0,0
"fle",TRUE,TRUE,TRUE,TRUE,0,0,0,0,0,0,0,0
"flé",TRUE,TRUE,FALSE,TRUE,0,0,0,0,0,0,0,0
"fli",TRUE,TRUE,TRUE,TRUE,0,0,0,0,0,0,0,0
"flo",TRUE,TRUE,TRUE,FALSE,0,0,0,0,0,0,0,0
"flu",TRUE,TRUE,TRUE,FALSE,0,0,0,0,0,0,0,0
"fly",TRUE,TRUE,TRUE,TRUE,0,0,0,0,0,0,0,0
"fo",TRUE,TRUE,TRUE,FALSE,0,0,0,0,0,0,0,0
"foo",FALSE,TRUE,TRUE,TRUE,0,0,0,0,0,0,0,0
"fr'",TRUE,FALSE,FALSE,FALSE,0,0,0,0,0,0,0,0
"fra",TRUE,TRUE,FALSE,TRUE,0,0,0,0,0,0,0,0
"fray",TRUE,TRUE,TRUE,FALSE,0,0,0,0,0,0,0,0
"fre",TRUE,TRUE,TRUE,TRUE,0,0,0,0,0,0,0,0
"fré",TRUE,TRUE,TRUE,TRUE,0,0,0,0,0,0,0,0
"fri",TRUE,TRUE,TRUE,TRUE,0,0,0,0,0,0,0,0
"fro",TRUE,TRUE,TRUE,FALSE,1,0,0,0,0,0,0,0
"fru",TRUE,TRUE,TRUE,TRUE,0,0,0,0,0,0,0,0
"fry",TRUE,TRUE,TRUE,TRUE,0,0,0,0,0,0,0,0
"fu",TRUE,TRUE,TRUE,TRUE,0,0,0,0,0,0,0,0
"fy",TRUE,TRUE,TRUE,TRUE,0,0,0,0,0,0,0,0
"g'",TRUE,FALSE,FALSE,FALSE,0,0,0,0,0,0,0,0
"ga",TRUE,TRUE,FALSE,TRUE,0,0,0,0,0,0,0,0
"ge",TRUE,TRUE,TRUE,TRUE,0,0,0,0,0,0,0,0
"gé",TRUE,TRUE,TRUE,TRUE,0,0,0,0,0,0,0,0
"gh'",TRUE,FALSE,FALSE,FALSE,0,0,0,0,0,0,0,0
"gha",TRUE,TRUE,FALSE,TRUE,0,0,0,0,0,0,0,0
"ghe",TRUE,TRUE,TRUE,TRUE,0,0,0,0,0,0,0,0
"ghé",TRUE,TRUE,TRUE,TRUE,0,0,0,0,0,0,0,0
"ghi",TRUE,TRUE,TRUE,TRUE,0,0,0,0,0,0,0,0
"gho",TRUE,TRUE,TRUE,FALSE,0,0,0,0,0,0,0,0
"ghoo",FALSE,TRUE,TRUE,TRUE,0,0,0,0,0,0,0,0
"ghu",FALSE,TRUE,TRUE,TRUE,0,0,0,0,0,0,0,0
"ghy",FALSE,TRUE,TRUE,TRUE,0,0,0,0,0,0,0,0
"gi",TRUE,TRUE,TRUE,TRUE,0,0,0,0,0,0,0,0
"gl'",TRUE,FALSE,FALSE,FALSE,0,0,0,0,0,0,0,0
"gla",TRUE,TRUE,FALSE,TRUE,0,0,1,0,0,0,0,0
"glay",TRUE,TRUE,TRUE,FALSE,0,0,0,0,0,0,0,0
"gle",TRUE,TRUE,TRUE,TRUE,0,0,1,0,0,0,0,0
"glé",TRUE,TRUE,FALSE,TRUE,0,0,1,0,0,0,0,0
"gli",TRUE,TRUE,TRUE,TRUE,0,0,0,0,0,0,0,0
"glo",TRUE,TRUE,TRUE,FALSE,0,0,0,0,0,0,0,0
"glu",TRUE,TRUE,TRUE,TRUE,0,0,0,0,0,0,0,0
"gly",TRUE,TRUE,TRUE,TRUE,0,0,0,0,0,0,0,0
"go",TRUE,TRUE,TRUE,FALSE,0,0,0,0,0,0,0,0
"goo",FALSE,TRUE,TRUE,TRUE,0,0,0,0,0,0,0,0
"gr'",TRUE,FALSE,FALSE,FALSE,1,0,0,0,0,0,0,0
"gra",TRUE,TRUE,FALSE,TRUE,0,0,0,0,0,0,0,0
"gre",TRUE,TRUE,TRUE,TRUE,0,0,0,0,0,0,0,0
"gré",TRUE,TRUE,TRUE,TRUE,0,0,0,0,0,0,0,0
"gri",TRUE,TRUE,TRUE,TRUE,0,0,0,0,0,0,0,0
"gro",TRUE,TRUE,TRUE,FALSE,0,0,0,0,0,0,0,0
"groo",FALSE,TRUE,TRUE,TRUE,0,0,0,0,0,0,0,0
"gru",TRUE,TRUE,TRUE,TRUE,0,0,0,0,0,0,0,0
"gry",TRUE,TRUE,TRUE,TRUE,0,0,0,0,0,0,0,0
"gu",TRUE,TRUE,TRUE,TRUE,0,0,0,0,0,0,0,0
"guy",TRUE,TRUE,TRUE,TRUE,0,0,0,0,0,0,0,0
"gw'",TRUE,FALSE,FALSE,FALSE,0,0,0,0,0,0,0,0
"gwa",TRUE,TRUE,FALSE,TRUE,0,0,0,0,0,0,0,0
"gway",TRUE,TRUE,TRUE,FALSE,0,0,0,0,0,0,0,0
"gwe",TRUE,TRUE,TRUE,TRUE,0,0,0,0,0,0,0,0
"gwé",TRUE,TRUE,TRUE,TRUE,0,0,0,0,0,0,0,0
"gwi",TRUE,TRUE,TRUE,TRUE,0,0,0,0,0,0,0,0
"gwo",TRUE,TRUE,TRUE,FALSE,0,0,0,0,0,0,0,0
"gwy",TRUE,TRUE,TRUE,TRUE,0,0,0,0,0,0,0,0
"gy",TRUE,TRUE,TRUE,TRUE,1,0,0,0,0,0,1,0
"h'",TRUE,FALSE,FALSE,FALSE,0,0,0,0,0,0,0,0
"ha",TRUE,TRUE,FALSE,TRUE,0,0,0,0,0,0,0,0
"hay",TRUE,TRUE,TRUE,FALSE,0,0,0,0,0,0,0,0
"he",TRUE,TRUE,TRUE,TRUE,0,0,0,0,0,0,0,0
"hé",TRUE,TRUE,TRUE,TRUE,0,0,0,0,0,0,0,0
"hi",TRUE,TRUE,TRUE,TRUE,0,0,0,0,0,0,0,0
"hma",FALSE,TRUE,FALSE,TRUE,0,0,0,0,0,0,0,0
"hmay",FALSE,TRUE,TRUE,TRUE,0,0,0,0,0,0,0,0
"hme",FALSE,TRUE,TRUE,TRUE,0,0,0,0,0,0,0,0
"hmé",FALSE,TRUE,TRUE,TRUE,0,0,0,0,0,0,0,0
"hmi",FALSE,TRUE,TRUE,TRUE,0,0,0,0,0,0,0,0
"hmu",FALSE,TRUE,TRUE,TRUE,0,0,0,0,0,0,0,0
"hmy",FALSE,TRUE,TRUE,TRUE,0,0,0,0,0,0,0,0
"hn'",TRUE,FALSE,FALSE,FALSE,0,0,0,0,0,0,0,0
"hna",FALSE,TRUE,FALSE,TRUE,0,0,0,0,0,0,0,0
"hnay",FALSE,TRUE,TRUE,TRUE,0,0,0,0,0,0,0,0
"hne",FALSE,TRUE,TRUE,TRUE,0,0,0,0,0,0,0,0
"hné",FALSE,TRUE,TRUE,TRUE,0,0,0,0,0,0,0,0
"hni",FALSE,TRUE,TRUE,TRUE,0,0,0,0,0,0,0,0
"hno",FALSE,TRUE,TRUE,FALSE,0,0,0,0,0,0,0,0
"hnu",FALSE,TRUE,TRUE,TRUE,0,0,0,0,0,0,0,0
"hny",TRUE,TRUE,TRUE,TRUE,0,0,0,0,0,0,0,0
"ho",TRUE,TRUE,TRUE,FALSE,0,0,0,0,0,0,0,0
"hoo",FALSE,TRUE,TRUE,TRUE,0,0,0,0,0,0,0,0
"hsa",FALSE,TRUE,FALSE,TRUE,0,0,0,0,0,0,0,0
"hsay",FALSE,TRUE,TRUE,FALSE,0,0,0,0,0,0,0,0
"hse",FALSE,TRUE,TRUE,TRUE,0,0,0,0,0,0,0,0
"hsé",FALSE,TRUE,TRUE,TRUE,0,0,0,0,0,0,1,0
"hsi",FALSE,TRUE,TRUE,TRUE,0,0,0,0,0,0,0,0
"hso",FALSE,TRUE,TRUE,FALSE,0,0,0,0,0,0,0,0
"hsoo",FALSE,TRUE,TRUE,TRUE,0,0,0,0,0,0,0,0
"hsu",FALSE,TRUE,TRUE,TRUE,0,0,0,0,0,0,0,0
"hsy",FALSE,TRUE,TRUE,TRUE,0,0,0,0,0,0,0,0
"hta",FALSE,TRUE,FALSE,TRUE,0,0,0,0,0,0,0,0
"htay",FALSE,TRUE,TRUE,FALSE,0,0,0,0,0,0,0,0
"hte",FALSE,TRUE,TRUE,TRUE,0,0,0,0,0,0,0,0
"hté",FALSE,TRUE,TRUE,TRUE,0,0,0,0,0,0,1,0
"hti",FALSE,TRUE,TRUE,TRUE,0,0,0,0,0,0,0,0
"hto",FALSE,TRUE,TRUE,FALSE,0,0,0,0,0,0,0,0
"htoo",FALSE,TRUE,TRUE,TRUE,0,0,1,0,0,0,0,0
"htu",FALSE,TRUE,TRUE,TRUE,0,0,0,0,0,0,0,0
"hty",FALSE,TRUE,TRUE,TRUE,0,0,0,0,0,0,0,0
"hu",TRUE,TRUE,TRUE,TRUE,1,0,0,0,0,0,0,0
"hva",FALSE,TRUE,FALSE,TRUE,0,0,0,0,0,0,0,0
"hvay",FALSE,TRUE,TRUE,FALSE,0,0,0,0,0,0,0,0
"hve",FALSE,TRUE,TRUE,TRUE,0,0,0,0,0,0,1,0
"hvé",FALSE,TRUE,TRUE,TRUE,0,0,1,0,0,0,0,0
"hvi",FALSE,TRUE,TRUE,TRUE,0,0,0,0,1,0,0,0
"hvo",FALSE,TRUE,TRUE,FALSE,0,0,0,0,0,0,0,0
"hvoo",FALSE,TRUE,TRUE,TRUE,0,0,0,0,0,0,0,0
"hvu",FALSE,TRUE,TRUE,TRUE,0,0,0,0,0,0,0,0
"hvy",FALSE,TRUE,TRUE,TRUE,0,0,0,0,0,0,0,0
"hwa",FALSE,TRUE,FALSE,TRUE,0,0,0,0,0,0,0,0
"hway",FALSE,TRUE,TRUE,FALSE,0,0,0,0,0,0,0,0
"hwe",FALSE,TRUE,TRUE,TRUE,0,0,0,0,0,0,0,0
"hwé",FALSE,TRUE,TRUE,TRUE,0,0,0,0,0,0,0,0
"hwi",FALSE,TRUE,TRUE,TRUE,0,0,0,0,0,0,0,0
"hwo",FALSE,TRUE,TRUE,FALSE,0,0,0,0,0,0,0,0
"hwoo",FALSE,TRUE,TRUE,TRUE,0,0,0,0,0,0,0,0
"hwy",FALSE,TRUE,TRUE,TRUE,0,0,0,0,0,0,0,0
"hy",TRUE,TRUE,TRUE,TRUE,0,0,0,0,0,0,0,0
"hz'",TRUE,FALSE,FALSE,FALSE,0,0,0,0,0,0,0,0
"hza",FALSE,TRUE,FALSE,TRUE,0,0,0,0,0,0,0,0
"hzay",FALSE,TRUE,TRUE,FALSE,0,0,0,0,0,0,0,0
"hze",FALSE,TRUE,TRUE,TRUE,0,0,0,0,0,0,0,0
"hzé",TRUE,TRUE,TRUE,TRUE,0,0,0,0,0,0,0,0
"hzi",FALSE,TRUE,TRUE,TRUE,0,0,0,0,0,0,0,0
"hzo",FALSE,TRUE,TRUE,FALSE,0,0,0,0,0,0,0,0
"hzoo",FALSE,TRUE,TRUE,TRUE,0,0,0,0,0,0,0,0
"hzu",FALSE,TRUE,TRUE,TRUE,0,0,0,0,0,0,0,0
"hzy",FALSE,TRUE,TRUE,TRUE,0,0,0,0,0,0,0,0
"i'",TRUE,FALSE,FALSE,FALSE,0,0,0,0,0,0,0,0
"ia",TRUE,TRUE,FALSE,TRUE,0,0,0,0,0,0,0,0
"iay",TRUE,TRUE,FALSE,TRUE,0,0,0,0,1,0,1,0
"ie",TRUE,TRUE,TRUE,TRUE,0,0,0,0,0,0,0,0
"ié",TRUE,TRUE,FALSE,TRUE,0,0,0,0,0,0,0,0
"ii",TRUE,TRUE,TRUE,TRUE,0,0,0,0,0,0,0,0
"ii'",TRUE,FALSE,FALSE,FALSE,1,0,0,0,0,0,0,0
"in",TRUE,TRUE,TRUE,TRUE,0,0,0,0,0,0,0,0
"io",TRUE,TRUE,TRUE,FALSE,0,0,0,0,0,0,0,0
"iu",TRUE,TRUE,TRUE,TRUE,0,0,0,0,0,0,0,0
"iy",TRUE,TRUE,TRUE,TRUE,0,0,0,0,0,0,0,0
"j'",TRUE,FALSE,FALSE,FALSE,0,0,0,0,0,0,0,0
"ja",TRUE,TRUE,FALSE,TRUE,0,0,0,0,0,0,0,0
"jaa",TRUE,TRUE,FALSE,TRUE,0,0,0,0,0,0,0,0
"jae",TRUE,TRUE,TRUE,TRUE,0,0,0,0,0,0,0,0
"jaé",TRUE,TRUE,FALSE,TRUE,0,0,0,0,0,0,1,0
"jay",TRUE,TRUE,TRUE,TRUE,0,0,0,0,0,0,0,0
"je",TRUE,TRUE,TRUE,TRUE,0,0,0,0,0,0,1,0
"jé",TRUE,TRUE,FALSE,TRUE,0,0,0,0,0,0,1,0
"jh'",TRUE,FALSE,FALSE,FALSE,0,0,0,0,0,0,0,0
"jha",TRUE,TRUE,FALSE,TRUE,0,0,0,0,0,0,0,0
"jhay",TRUE,TRUE,TRUE,TRUE,0,0,0,0,0,0,0,0
"jhe",TRUE,TRUE,TRUE,TRUE,0,0,0,0,0,0,0,0
"jhé",TRUE,TRUE,FALSE,TRUE,0,0,0,0,0,0,1,0
"jhi",TRUE,TRUE,TRUE,TRUE,0,0,0,0,0,0,0,0
"jho",TRUE,TRUE,TRUE,FALSE,0,0,0,0,0,0,0,0
"jhoo",FALSE,TRUE,TRUE,TRUE,0,0,0,0,0,0,0,0
"jhu",TRUE,TRUE,TRUE,TRUE,0,0,0,0,0,0,0,0
"jhy",TRUE,TRUE,TRUE,TRUE,0,0,0,0,0,0,0,0
"ji",TRUE,TRUE,TRUE,TRUE,0,0,0,0,0,0,0,0
"jo",TRUE,TRUE,TRUE,FALSE,0,0,0,0,0,0,0,0
"joo",FALSE,TRUE,TRUE,TRUE,0,0,0,0,0,0,0,0
"ju",TRUE,TRUE,TRUE,TRUE,0,0,0,0,0,0,0,0
"juy",TRUE,TRUE,TRUE,TRUE,0,0,0,0,0,0,0,0
"jy",TRUE,TRUE,TRUE,TRUE,0,0,0,0,0,0,0,0
"k'",TRUE,FALSE,FALSE,FALSE,0,0,0,0,0,0,0,0
"ka",TRUE,TRUE,FALSE,TRUE,0,0,0,0,0,0,0,0
"kaa",TRUE,TRUE,FALSE,TRUE,0,0,0,0,0,0,0,0
"kae",TRUE,TRUE,TRUE,TRUE,0,0,0,0,0,0,0,0
"kaé",TRUE,TRUE,FALSE,TRUE,1,0,0,0,0,0,0,0
"kaé",TRUE,TRUE,TRUE,TRUE,1,0,0,0,0,0,0,0
"kay",TRUE,TRUE,TRUE,TRUE,0,0,0,0,0,0,0,0
"ke",TRUE,TRUE,TRUE,TRUE,0,0,0,0,0,0,0,0
"ké",TRUE,TRUE,FALSE,TRUE,0,0,0,0,0,0,0,0
"ken",TRUE,TRUE,TRUE,FALSE,0,0,0,0,0,0,0,0
"kh'",TRUE,FALSE,FALSE,FALSE,0,0,0,0,0,0,0,0
"kha",TRUE,TRUE,FALSE,TRUE,0,0,0,0,0,0,0,0
"khay",TRUE,TRUE,TRUE,TRUE,0,0,0,0,0,0,0,0
"khe",TRUE,TRUE,TRUE,TRUE,0,0,0,0,0,0,0,0
"khé",TRUE,TRUE,TRUE,TRUE,0,0,1,0,0,0,0,0
"khi",TRUE,TRUE,TRUE,TRUE,0,0,0,0,0,0,0,0
"kho",TRUE,TRUE,TRUE,FALSE,0,0,0,0,0,0,0,0
"khoo",FALSE,TRUE,TRUE,TRUE,0,0,0,0,0,0,0,0
"khu",TRUE,TRUE,TRUE,TRUE,0,0,0,0,0,0,0,0
"khy",TRUE,TRUE,TRUE,TRUE,0,0,0,0,0,0,0,0
"ki",TRUE,TRUE,TRUE,TRUE,0,0,0,0,0,0,0,0
"kl'",TRUE,FALSE,FALSE,FALSE,0,0,0,0,0,0,0,0
"kla",TRUE,TRUE,FALSE,TRUE,0,0,0,0,0,0,0,0
"klay",TRUE,TRUE,TRUE,FALSE,0,0,0,0,0,0,0,0
"kle",TRUE,TRUE,TRUE,TRUE,0,0,0,0,0,0,0,0
"klé",TRUE,TRUE,TRUE,TRUE,0,0,0,0,0,0,0,0
"kli",TRUE,TRUE,TRUE,TRUE,1,0,1,0,0,0,0,0
"klo",TRUE,TRUE,TRUE,FALSE,0,0,0,0,0,0,0,0
"kloo",FALSE,TRUE,TRUE,TRUE,0,0,0,0,0,0,0,0
"klu",TRUE,TRUE,TRUE,TRUE,0,0,0,0,1,0,1,0
"kly",TRUE,TRUE,TRUE,TRUE,0,0,0,0,0,0,0,0
"kn'",TRUE,FALSE,FALSE,FALSE,0,0,0,0,0,0,0,0
"kna",TRUE,TRUE,FALSE,TRUE,0,0,0,0,0,0,0,0
"knay",TRUE,TRUE,TRUE,FALSE,0,0,0,0,0,0,0,0
"kne",TRUE,TRUE,TRUE,TRUE,0,0,0,0,0,0,0,0
"kné",TRUE,TRUE,TRUE,TRUE,0,0,0,0,0,0,0,0
"kni",TRUE,TRUE,TRUE,TRUE,0,0,0,0,0,0,0,0
"kno",TRUE,TRUE,TRUE,FALSE,0,0,0,0,0,0,0,0
"knu",TRUE,TRUE,TRUE,TRUE,0,0,0,0,0,0,0,0
"kny",TRUE,TRUE,TRUE,TRUE,0,0,0,0,0,0,0,0
"ko",TRUE,TRUE,TRUE,FALSE,0,0,0,0,0,0,0,0
"koo",FALSE,TRUE,TRUE,TRUE,0,0,0,0,0,0,0,0
"kr'",TRUE,FALSE,FALSE,FALSE,0,0,0,0,0,0,0,0
"kra",TRUE,TRUE,FALSE,TRUE,0,0,0,0,0,0,0,0
"kray",TRUE,TRUE,TRUE,FALSE,0,0,0,0,0,0,0,0
"kre",TRUE,TRUE,TRUE,TRUE,0,0,0,0,0,0,0,0
"kré",TRUE,TRUE,TRUE,TRUE,0,0,0,0,0,0,0,0
"kri",TRUE,TRUE,TRUE,TRUE,0,0,0,0,0,0,0,0
"kro",TRUE,TRUE,TRUE,FALSE,1,0,0,0,0,0,0,0
"kru",TRUE,TRUE,TRUE,FALSE,0,0,0,0,0,0,0,0
"kry",TRUE,TRUE,TRUE,TRUE,0,0,0,0,0,0,0,0
"ku",TRUE,TRUE,TRUE,TRUE,0,0,0,0,0,0,0,0
"kuy",TRUE,TRUE,TRUE,TRUE,0,0,0,0,0,0,0,0
"kva",FALSE,TRUE,FALSE,TRUE,0,0,0,0,0,0,0,0
"kvay",FALSE,TRUE,TRUE,FALSE,0,0,0,0,0,0,0,0
"kve",FALSE,TRUE,TRUE,TRUE,0,0,1,0,0,0,0,0
"kvé",FALSE,TRUE,TRUE,TRUE,0,0,0,0,0,0,0,0
"kvi",FALSE,TRUE,TRUE,TRUE,0,0,0,0,0,0,0,0
"kvo",FALSE,TRUE,TRUE,FALSE,0,0,0,0,0,0,0,0
"kvu",FALSE,TRUE,TRUE,TRUE,0,0,0,0,0,0,0,0
"kvy",FALSE,TRUE,TRUE,TRUE,0,0,0,0,0,0,0,0
"ky",TRUE,TRUE,TRUE,TRUE,0,0,0,0,0,0,0,0
"l'",TRUE,FALSE,FALSE,FALSE,1,0,0,0,0,0,0,0
"la",TRUE,TRUE,FALSE,TRUE,0,0,0,0,0,0,0,0
"lae",TRUE,TRUE,TRUE,TRUE,0,0,0,0,0,0,0,0
"laé",TRUE,TRUE,FALSE,TRUE,0,0,0,0,0,0,0,0
"lay",TRUE,TRUE,TRUE,TRUE,0,0,0,0,0,0,0,0
"le",TRUE,TRUE,TRUE,TRUE,0,0,0,0,0,0,0,0
"lé",TRUE,TRUE,TRUE,TRUE,1,0,0,0,0,0,0,0
"li",TRUE,TRUE,TRUE,TRUE,0,0,0,0,0,0,0,0
"lle",FALSE,TRUE,TRUE,TRUE,0,0,0,0,0,0,0,0
"llé",FALSE,TRUE,FALSE,TRUE,0,0,0,0,0,0,0,0
"lo",TRUE,TRUE,TRUE,FALSE,0,0,0,0,0,0,0,0
"loo",FALSE,TRUE,TRUE,TRUE,0,0,0,0,0,0,0,0
"lu",TRUE,TRUE,TRUE,TRUE,0,0,0,0,0,0,0,0
"luy",TRUE,TRUE,TRUE,TRUE,0,0,0,0,0,0,0,0
"ly",TRUE,TRUE,TRUE,TRUE,0,0,0,0,0,0,0,0
"m'",TRUE,FALSE,FALSE,FALSE,0,0,0,0,0,0,0,0
"ma",TRUE,TRUE,FALSE,TRUE,0,0,0,0,0,0,0,0
"mae",TRUE,TRUE,TRUE,TRUE,0,0,0,0,0,0,0,0
"maé",TRUE,TRUE,FALSE,TRUE,0,0,0,0,0,0,0,0
"may",TRUE,TRUE,FALSE,TRUE,0,0,0,0,0,0,0,0
"me",TRUE,TRUE,TRUE,TRUE,0,0,0,0,0,0,0,0
"mé",TRUE,TRUE,TRUE,TRUE,0,0,0,0,0,0,0,0
"mi",TRUE,TRUE,TRUE,TRUE,0,0,0,0,0,0,0,0
"mo",TRUE,TRUE,TRUE,FALSE,0,0,0,0,0,0,0,0
"moo",FALSE,TRUE,TRUE,TRUE,0,0,0,0,0,0,0,0
"mt'",FALSE,FALSE,FALSE,FALSE,0,0,0,0,0,0,0,0
"mta",FALSE,TRUE,FALSE,TRUE,0,0,0,0,0,0,0,0
"mtay",FALSE,TRUE,TRUE,FALSE,0,0,0,0,0,0,0,0
"mte",FALSE,TRUE,TRUE,TRUE,0,0,0,0,0,0,0,0
"mté",TRUE,TRUE,TRUE,TRUE,0,0,0,0,0,0,0,0
"mti",FALSE,TRUE,TRUE,TRUE,0,0,0,0,0,0,0,0
"mto",FALSE,TRUE,TRUE,FALSE,0,0,0,0,0,0,0,0
"mtu",FALSE,TRUE,TRUE,TRUE,0,0,0,0,0,0,0,0
"mty",FALSE,TRUE,TRUE,TRUE,0,0,0,0,0,0,0,0
"mu",TRUE,TRUE,TRUE,TRUE,0,0,0,0,0,0,0,0
"muy",TRUE,TRUE,TRUE,TRUE,0,0,0,0,0,0,0,0
"mwa",FALSE,TRUE,FALSE,TRUE,0,0,0,0,0,0,0,0
"mway",FALSE,TRUE,TRUE,FALSE,0,0,0,0,0,0,0,0
"mwe",FALSE,TRUE,TRUE,TRUE,0,0,0,0,0,0,0,0
"mwé",FALSE,TRUE,TRUE,TRUE,0,0,0,0,0,0,0,0
"mwi",FALSE,TRUE,TRUE,TRUE,0,0,0,0,0,0,0,0
"mwo",FALSE,TRUE,TRUE,FALSE,0,0,0,0,0,0,0,0
"mwy",TRUE,TRUE,TRUE,TRUE,0,0,0,0,0,0,0,0
"my",TRUE,TRUE,TRUE,TRUE,0,0,0,0,0,0,0,0
"n'",TRUE,FALSE,FALSE,FALSE,0,0,0,0,0,0,0,0
"na",TRUE,TRUE,FALSE,TRUE,0,0,0,0,0,0,0,0
"nae",TRUE,TRUE,TRUE,TRUE,0,0,0,0,0,0,0,0
"naé",TRUE,TRUE,FALSE,TRUE,0,0,0,0,0,0,0,0
"nay",TRUE,TRUE,TRUE,TRUE,0,0,0,0,0,0,1,0
"ne",TRUE,TRUE,TRUE,TRUE,0,0,0,0,0,0,0,0
"né",TRUE,TRUE,FALSE,TRUE,0,0,0,0,0,0,0,0
"ni",TRUE,TRUE,TRUE,TRUE,0,0,0,0,0,0,0,0
"no",TRUE,TRUE,TRUE,FALSE,0,0,0,0,0,0,0,0
"noo",FALSE,TRUE,TRUE,TRUE,0,0,0,0,0,0,0,0
"nta",FALSE,TRUE,FALSE,TRUE,0,0,0,0,0,0,0,0
"ntay",FALSE,TRUE,FALSE,TRUE,0,0,0,0,0,0,0,0
"nte",FALSE,TRUE,TRUE,TRUE,0,0,0,0,0,0,0,0
"nté",TRUE,TRUE,FALSE,TRUE,0,0,0,0,0,0,0,0
"nti",FALSE,TRUE,TRUE,TRUE,0,0,0,0,0,0,0,0
"nto",FALSE,TRUE,TRUE,FALSE,0,0,0,0,0,0,0,0
"ntu",FALSE,TRUE,TRUE,TRUE,0,0,0,0,0,0,0,0
"nty",FALSE,TRUE,TRUE,TRUE,0,0,0,0,0,0,0,0
"nu",TRUE,TRUE,TRUE,TRUE,0,0,0,0,0,0,0,0
"ny",TRUE,TRUE,TRUE,TRUE,0,0,0,0,0,0,0,0
"o'",TRUE,FALSE,FALSE,FALSE,0,0,0,0,0,0,0,0
"oa",TRUE,TRUE,FALSE,TRUE,0,0,0,0,0,0,0,0
"oay",TRUE,TRUE,TRUE,FALSE,0,0,0,0,0,0,0,0
"oe",TRUE,TRUE,TRUE,TRUE,0,0,0,0,0,0,0,0
"oé",TRUE,TRUE,FALSE,TRUE,0,0,0,0,0,0,0,0
"oi",TRUE,TRUE,TRUE,TRUE,0,0,0,0,0,0,0,0
"on",TRUE,FALSE,FALSE,TRUE,0,0,0,0,0,0,0,0
"oo",TRUE,TRUE,TRUE,FALSE,0,0,0,0,0,0,0,0
"oo'",TRUE,FALSE,FALSE,FALSE,0,0,0,0,0,0,0,0
"ou",TRUE,TRUE,TRUE,TRUE,0,0,0,0,0,0,0,0
"oy",TRUE,TRUE,TRUE,TRUE,0,0,0,0,0,0,0,0
"p'",TRUE,FALSE,FALSE,FALSE,0,0,0,0,0,0,0,0
"pa",TRUE,TRUE,FALSE,TRUE,0,0,0,0,0,0,0,0
"pay",TRUE,TRUE,TRUE,TRUE,0,0,0,0,0,0,0,0
"pe",TRUE,TRUE,TRUE,TRUE,0,0,0,0,0,0,0,0
"pé",TRUE,TRUE,TRUE,TRUE,0,0,0,0,0,0,0,0
"ph'",TRUE,FALSE,FALSE,FALSE,0,0,0,0,0,0,0,0
"pha",TRUE,TRUE,FALSE,TRUE,0,0,0,0,0,0,0,0
"phay",TRUE,TRUE,TRUE,TRUE,0,0,0,0,0,0,0,0
"phe",TRUE,TRUE,TRUE,TRUE,0,0,0,0,0,0,0,0
"phé",TRUE,TRUE,FALSE,TRUE,0,0,0,0,0,0,0,0
"phi",TRUE,TRUE,TRUE,TRUE,0,0,0,0,0,0,0,0
"pho",TRUE,TRUE,TRUE,FALSE,0,0,0,0,0,0,0,0
"phoo",FALSE,TRUE,TRUE,TRUE,0,0,0,0,0,0,0,0
"phu",TRUE,TRUE,TRUE,TRUE,0,0,0,0,0,0,0,0
"phy",TRUE,TRUE,TRUE,TRUE,0,0,0,0,0,0,0,0
"pi",TRUE,TRUE,TRUE,TRUE,0,0,1,0,0,0,0,0
"pl'",TRUE,FALSE,FALSE,FALSE,0,0,0,0,0,0,0,0
"pla",TRUE,TRUE,FALSE,TRUE,0,0,0,0,0,0,0,0
"ple",TRUE,TRUE,TRUE,TRUE,0,0,0,0,0,0,0,0
"plé",TRUE,TRUE,FALSE,TRUE,0,0,0,0,0,0,0,0
"pli",TRUE,TRUE,TRUE,TRUE,0,0,0,0,0,0,0,0
"plo",TRUE,TRUE,TRUE,FALSE,0,0,0,0,0,0,0,0
"plu",TRUE,TRUE,TRUE,TRUE,0,0,0,0,0,0,0,0
"ply",TRUE,TRUE,TRUE,TRUE,0,0,0,0,0,0,0,0
"po",TRUE,TRUE,TRUE,FALSE,0,0,0,0,0,0,0,0
"poo",FALSE,TRUE,TRUE,TRUE,0,0,0,0,0,0,0,0
"pr'",TRUE,FALSE,FALSE,FALSE,0,0,0,0,0,0,0,0
"pra",TRUE,TRUE,FALSE,TRUE,0,0,0,0,0,0,0,0
"pre",TRUE,TRUE,TRUE,TRUE,0,0,0,0,0,0,0,0
"pré",TRUE,TRUE,FALSE,TRUE,0,0,0,0,0,0,0,0
"pri",TRUE,TRUE,TRUE,TRUE,0,0,0,0,0,0,0,0
"pro",TRUE,TRUE,TRUE,FALSE,0,0,0,0,0,0,0,0
"pru",TRUE,TRUE,TRUE,TRUE,0,0,0,0,0,0,0,0
"pry",TRUE,TRUE,TRUE,TRUE,0,0,0,0,0,0,0,0
"ps'",TRUE,FALSE,FALSE,FALSE,0,0,0,0,0,0,0,0
"psa",TRUE,TRUE,FALSE,TRUE,0,0,0,0,0,0,0,0
"pse",TRUE,TRUE,TRUE,TRUE,0,0,0,0,0,0,0,0
"psé",TRUE,TRUE,FALSE,TRUE,0,0,0,0,0,0,0,0
"psi",TRUE,TRUE,TRUE,TRUE,0,0,0,0,0,0,0,0
"pso",TRUE,TRUE,TRUE,FALSE,0,0,0,0,0,0,0,0
"psu",TRUE,TRUE,TRUE,TRUE,0,0,0,0,0,0,0,0
"psy",TRUE,TRUE,TRUE,TRUE,0,0,0,0,0,0,0,0
"pu",TRUE,TRUE,TRUE,TRUE,0,0,0,0,0,0,0,0
"pwa",FALSE,TRUE,FALSE,TRUE,0,0,0,0,0,0,0,0
"pwe",FALSE,TRUE,TRUE,TRUE,0,0,0,0,0,0,1,0
"pwé",TRUE,TRUE,TRUE,TRUE,0,0,0,0,0,0,0,0
"pwi",FALSE,TRUE,TRUE,TRUE,0,0,0,0,0,0,1,0
"pwo",FALSE,TRUE,TRUE,FALSE,0,0,0,0,0,0,0,0
"pwy",FALSE,TRUE,TRUE,TRUE,0,0,0,0,0,0,0,0
"py",TRUE,TRUE,TRUE,TRUE,0,0,0,0,0,0,0,0
"q'",TRUE,FALSE,FALSE,FALSE,0,0,0,0,0,0,0,0
"qa",TRUE,TRUE,FALSE,TRUE,0,0,0,0,0,0,0,0
"qay",TRUE,TRUE,TRUE,TRUE,0,0,0,0,0,0,0,0
"qe",TRUE,TRUE,TRUE,TRUE,0,0,0,0,0,0,0,0
"qé",TRUE,TRUE,TRUE,TRUE,0,0,0,0,0,0,0,0
"qi",TRUE,TRUE,TRUE,TRUE,0,0,0,0,0,0,0,0
"qo",TRUE,TRUE,TRUE,FALSE,0,0,0,0,0,0,0,0
"qu",TRUE,TRUE,TRUE,TRUE,0,0,0,0,0,0,0,0
"qu'",TRUE,FALSE,FALSE,FALSE,0,0,0,0,0,0,0,0
"qua",TRUE,TRUE,FALSE,TRUE,0,0,0,0,0,0,0,0
"quae",TRUE,TRUE,TRUE,TRUE,0,0,0,0,0,0,0,0
"quaé",TRUE,TRUE,FALSE,TRUE,0,0,0,0,0,0,0,0
"quay",TRUE,TRUE,TRUE,TRUE,0,0,0,0,0,0,0,0
"que",TRUE,TRUE,TRUE,TRUE,0,0,0,0,0,0,0,0
"qué",TRUE,TRUE,FALSE,TRUE,0,0,0,0,0,0,0,0
"qui",TRUE,TRUE,TRUE,TRUE,0,0,0,0,0,0,0,0
"quo",TRUE,TRUE,TRUE,FALSE,0,0,0,0,0,0,0,0
"quu",TRUE,TRUE,TRUE,TRUE,0,0,1,0,0,0,0,0
"quy",TRUE,TRUE,TRUE,TRUE,0,0,0,0,0,0,0,0
"qy",TRUE,TRUE,TRUE,TRUE,0,0,0,0,0,0,0,0
"r'",TRUE,FALSE,FALSE,FALSE,0,0,0,0,0,0,0,0
"ra",TRUE,TRUE,FALSE,TRUE,0,0,0,0,0,0,0,0
"rae",TRUE,TRUE,TRUE,TRUE,0,0,1,0,0,0,0,0
"raé",TRUE,TRUE,FALSE,TRUE,0,0,0,0,0,0,0,0
"ray",TRUE,TRUE,FALSE,TRUE,0,0,0,0,0,0,0,0
"re",TRUE,TRUE,TRUE,TRUE,0,0,0,0,0,0,0,0
"ré",TRUE,TRUE,TRUE,TRUE,0,0,0,0,0,0,0,0
"rh'",TRUE,FALSE,FALSE,FALSE,0,0,0,0,0,0,0,0
"rha",TRUE,TRUE,FALSE,TRUE,0,0,0,0,0,0,0,0
"rhay",TRUE,TRUE,TRUE,FALSE,0,0,0,0,0,0,0,0
"rhe",TRUE,TRUE,TRUE,TRUE,0,0,0,0,0,0,0,0
"rhé",TRUE,TRUE,TRUE,TRUE,0,0,0,0,1,0,1,0
"rhi",TRUE,TRUE,TRUE,TRUE,0,0,0,0,0,0,0,0
"rho",TRUE,TRUE,TRUE,FALSE,0,0,0,0,0,0,0,0
"rhoo",FALSE,TRUE,TRUE,TRUE,0,0,0,0,0,0,0,0
"rhu",TRUE,TRUE,TRUE,TRUE,0,0,0,0,0,0,0,0
"rhuy",TRUE,TRUE,TRUE,TRUE,0,0,0,0,0,0,0,0
"rhy",TRUE,TRUE,TRUE,TRUE,0,0,0,0,0,0,0,0
"ri",TRUE,TRUE,TRUE,TRUE,0,0,0,0,0,0,0,0
"ro",TRUE,TRUE,TRUE,FALSE,0,0,0,0,0,0,0,0
"roo",FALSE,TRUE,TRUE,TRUE,0,0,0,0,0,0,0,0
"ru",TRUE,TRUE,TRUE,TRUE,0,0,1,0,0,0,0,0
"ruy",TRUE,TRUE,TRUE,TRUE,0,0,0,0,0,0,0,0
"ry",TRUE,TRUE,TRUE,TRUE,0,0,0,0,0,0,0,0
"s'",TRUE,FALSE,FALSE,FALSE,0,0,0,0,0,0,0,0
"sa",TRUE,TRUE,FALSE,TRUE,0,0,0,0,0,0,0,0
"sae",TRUE,TRUE,TRUE,TRUE,0,0,0,0,0,0,0,0
"saé",TRUE,TRUE,FALSE,TRUE,0,0,0,0,0,0,0,0
"say",TRUE,TRUE,FALSE,TRUE,0,0,0,0,0,0,0,0
"sc'",TRUE,FALSE,FALSE,FALSE,0,0,0,0,0,0,0,0
"sca",TRUE,TRUE,FALSE,TRUE,0,0,0,0,0,0,0,0
"scay",TRUE,TRUE,FALSE,TRUE,0,0,0,0,0,0,0,0
"sce",TRUE,TRUE,TRUE,TRUE,0,0,0,0,0,0,0,0
"scé",TRUE,TRUE,FALSE,TRUE,0,0,0,0,0,0,0,0
"sci",TRUE,TRUE,TRUE,TRUE,0,0,0,0,0,0,0,0
"scious",FALSE,TRUE,TRUE,FALSE,0,0,0,0,0,0,0,0
"scius",FALSE,TRUE,TRUE,FALSE,0,0,0,0,0,0,0,0
"sco",TRUE,TRUE,TRUE,FALSE,0,0,0,0,0,0,0,0
"scoo",FALSE,TRUE,TRUE,TRUE,0,0,0,0,0,0,0,0
"scu",TRUE,TRUE,TRUE,TRUE,1,0,0,0,0,0,0,0
"scy",TRUE,TRUE,TRUE,TRUE,0,0,0,0,0,0,0,0
"se",TRUE,TRUE,TRUE,TRUE,0,0,0,0,0,0,0,0
"sé",TRUE,TRUE,TRUE,TRUE,0,0,0,0,0,0,0,0
"sh'",TRUE,FALSE,FALSE,FALSE,0,0,0,0,0,0,0,0
"sha",TRUE,TRUE,FALSE,TRUE,0,0,0,0,0,0,0,0
"shay",TRUE,TRUE,FALSE,TRUE,0,0,0,0,0,0,0,0
"she",TRUE,TRUE,TRUE,TRUE,0,0,0,0,0,0,0,0
"shé",TRUE,TRUE,FALSE,TRUE,0,0,0,0,0,0,0,0
"shi",TRUE,TRUE,TRUE,TRUE,0,0,0,0,0,0,0,0
"sho",TRUE,TRUE,TRUE,FALSE,0,0,0,0,0,0,0,0
"shonne",TRUE,TRUE,TRUE,TRUE,0,0,0,0,0,0,0,0
"shonné",TRUE,TRUE,FALSE,TRUE,0,0,0,0,0,0,0,0
"shoo",FALSE,TRUE,TRUE,TRUE,0,0,0,0,0,0,0,0
"shu",TRUE,TRUE,TRUE,TRUE,0,0,0,0,0,0,1,0
"shus",FALSE,TRUE,TRUE,FALSE,0,0,0,0,0,0,0,0
"shuss",FALSE,TRUE,TRUE,FALSE,0,0,0,0,0,0,0,0
"shy",TRUE,TRUE,TRUE,TRUE,0,0,0,0,0,0,0,0
"si",TRUE,TRUE,TRUE,TRUE,0,0,0,0,0,0,0,0
"sius",TRUE,TRUE,TRUE,TRUE,0,0,0,0,0,0,0,0
"sk'",TRUE,FALSE,FALSE,FALSE,0,0,0,0,0,0,0,0
"ska",TRUE,TRUE,FALSE,TRUE,0,0,0,0,0,0,0,0
"skay",TRUE,TRUE,FALSE,TRUE,0,0,0,0,0,0,0,0
"ske",TRUE,TRUE,TRUE,TRUE,0,0,0,0,1,0,0,0
"ské",TRUE,TRUE,TRUE,TRUE,0,0,0,0,0,0,0,0
"ski",TRUE,TRUE,TRUE,TRUE,0,0,0,0,0,0,0,0
"sko",TRUE,TRUE,TRUE,FALSE,0,0,0,0,0,0,0,0
"skoo",FALSE,TRUE,TRUE,TRUE,0,0,0,0,0,0,0,0
"sku",TRUE,TRUE,TRUE,TRUE,0,0,0,0,0,0,0,0
"sky",TRUE,TRUE,TRUE,TRUE,0,0,0,0,0,0,0,0
"sl'",TRUE,FALSE,FALSE,FALSE,0,0,0,0,0,0,0,0
"sla",TRUE,TRUE,FALSE,TRUE,0,0,0,0,0,0,0,0
"slay",TRUE,TRUE,FALSE,TRUE,0,0,0,0,0,0,0,0
"sle",TRUE,TRUE,TRUE,TRUE,0,0,0,0,0,0,0,0
"slé",TRUE,TRUE,FALSE,TRUE,0,0,0,0,0,0,0,0
"sli",TRUE,TRUE,TRUE,TRUE,0,0,1,0,0,0,0,0
"slo",TRUE,TRUE,TRUE,FALSE,0,0,0,0,0,0,0,0
"slu",TRUE,TRUE,TRUE,TRUE,0,0,1,0,0,0,0,0
"sly",TRUE,TRUE,TRUE,TRUE,0,0,0,0,0,0,0,0
"sm'",TRUE,FALSE,FALSE,FALSE,0,0,0,0,0,0,0,0
"sma",TRUE,TRUE,FALSE,TRUE,0,0,0,0,0,0,0,0
"smay",TRUE,TRUE,FALSE,TRUE,0,0,0,0,0,0,0,0
"sme",TRUE,TRUE,TRUE,TRUE,0,0,0,0,0,0,0,0
"smé",TRUE,TRUE,FALSE,TRUE,0,0,0,0,0,0,0,0
"smi",TRUE,TRUE,TRUE,TRUE,0,0,0,0,0,0,0,0
"smo",TRUE,TRUE,TRUE,FALSE,0,0,0,0,0,0,0,0
"smoo",FALSE,TRUE,TRUE,TRUE,0,0,0,0,0,0,0,0
"smu",TRUE,TRUE,TRUE,TRUE,1,0,0,0,0,0,0,0
"smy",TRUE,TRUE,TRUE,TRUE,0,0,0,0,0,0,0,0
"sn'",TRUE,FALSE,FALSE,FALSE,0,0,0,0,0,0,0,0
"sna",FALSE,TRUE,FALSE,TRUE,0,0,0,0,0,0,0,0
"snay",FALSE,TRUE,FALSE,TRUE,0,0,0,0,0,0,0,0
"sne",TRUE,TRUE,TRUE,TRUE,0,0,0,0,0,0,0,0
"sné",TRUE,TRUE,TRUE,TRUE,0,0,0,0,0,0,1,0
"sni",TRUE,TRUE,TRUE,TRUE,0,0,0,0,0,0,0,0
"sno",TRUE,TRUE,TRUE,FALSE,0,0,0,0,0,0,0,0
"snoo",FALSE,TRUE,TRUE,TRUE,0,0,0,0,0,0,0,0
"snu",TRUE,TRUE,TRUE,TRUE,0,0,0,0,0,0,0,0
"sny",TRUE,TRUE,TRUE,TRUE,0,0,0,0,0,0,0,0
"so",TRUE,TRUE,TRUE,FALSE,0,0,0,0,0,0,0,0
"soo",FALSE,TRUE,TRUE,TRUE,0,0,0,0,0,0,0,0
"sp'",TRUE,FALSE,FALSE,FALSE,0,0,0,0,0,0,0,0
"spa",TRUE,TRUE,FALSE,TRUE,0,0,0,0,0,0,0,0
"spay",TRUE,TRUE,FALSE,TRUE,0,0,0,0,0,0,0,0
"spe",TRUE,TRUE,TRUE,TRUE,0,0,0,0,0,0,0,0
"spé",TRUE,TRUE,FALSE,TRUE,0,0,0,0,0,0,0,0
"spi",TRUE,TRUE,TRUE,TRUE,0,0,0,0,0,0,0,0
"spo",TRUE,TRUE,TRUE,FALSE,0,0,0,0,0,0,0,0
"spu",TRUE,TRUE,TRUE,TRUE,0,0,0,0,0,0,0,0
"spy",TRUE,TRUE,TRUE,TRUE,0,0,1,0,0,0,0,0
"sq'",TRUE,FALSE,FALSE,FALSE,0,0,0,0,0,0,0,0
"sqa",TRUE,TRUE,FALSE,TRUE,0,0,0,0,0,0,0,0
"sqay",TRUE,TRUE,FALSE,TRUE,0,0,0,0,0,0,0,0
"sqe",TRUE,TRUE,TRUE,TRUE,0,0,0,0,1,0,1,0
"sqé",TRUE,TRUE,FALSE,TRUE,0,0,0,0,1,0,1,0
"sqi",TRUE,TRUE,TRUE,TRUE,0,0,0,0,0,0,0,0
"sqo",TRUE,TRUE,TRUE,FALSE,0,0,0,0,0,0,0,0
"squ",TRUE,TRUE,TRUE,TRUE,0,0,0,0,0,0,0,0
"squ'",TRUE,FALSE,FALSE,FALSE,0,0,0,0,0,0,0,0
"squa",TRUE,TRUE,FALSE,TRUE,0,0,0,0,0,0,0,0
"squay",TRUE,TRUE,FALSE,TRUE,0,0,0,0,0,0,0,0
"sque",TRUE,TRUE,TRUE,TRUE,0,0,0,0,0,0,0,0
"squé",TRUE,TRUE,FALSE,TRUE,0,0,0,0,0,0,0,0
"squi",TRUE,TRUE,TRUE,TRUE,0,0,0,0,0,0,0,0
"squo",TRUE,TRUE,TRUE,FALSE,1,0,0,0,0,0,0,0
"squu",TRUE,TRUE,TRUE,TRUE,0,0,0,0,0,0,0,0
"squy",TRUE,TRUE,TRUE,TRUE,0,0,1,0,0,0,0,0
"sqy",TRUE,TRUE,TRUE,TRUE,0,0,0,0,0,0,0,0
"sr'",TRUE,FALSE,FALSE,FALSE,0,0,0,0,0,0,0,0
"sra",TRUE,TRUE,FALSE,TRUE,0,0,0,0,0,0,1,0
"sray",TRUE,TRUE,FALSE,TRUE,0,0,0,0,0,0,0,0
"sre",TRUE,TRUE,TRUE,TRUE,0,0,0,0,0,0,0,0
"sré",TRUE,TRUE,FALSE,TRUE,0,0,0,0,0,0,0,0
"sri",TRUE,TRUE,TRUE,TRUE,0,0,0,0,0,0,0,0
"sro",TRUE,TRUE,TRUE,FALSE,0,0,0,0,1,0,0,0
"sru",TRUE,TRUE,TRUE,TRUE,0,0,0,0,0,0,0,0
"sry",TRUE,TRUE,TRUE,TRUE,1,0,0,0,0,0,0,0
"ssius",FALSE,TRUE,TRUE,FALSE,0,0,0,0,0,0,0,0
"st'",TRUE,FALSE,FALSE,FALSE,0,0,0,0,0,0,0,0
"sta",TRUE,TRUE,FALSE,TRUE,0,0,0,0,0,0,0,0
"stay",TRUE,TRUE,FALSE,TRUE,0,0,0,0,0,0,0,0
"ste",TRUE,TRUE,TRUE,TRUE,0,0,0,0,0,0,0,0
"sté",TRUE,TRUE,FALSE,TRUE,0,0,0,0,0,0,0,0
"sti",TRUE,TRUE,TRUE,TRUE,0,0,1,0,0,0,0,0
"sto",TRUE,TRUE,TRUE,FALSE,0,0,0,0,0,0,0,0
"stoo",FALSE,TRUE,TRUE,TRUE,0,0,0,0,0,0,0,0
"stu",TRUE,TRUE,TRUE,TRUE,0,0,0,0,0,0,0,0
"sty",TRUE,TRUE,TRUE,TRUE,0,0,0,0,0,0,0,0
"su",TRUE,TRUE,TRUE,TRUE,0,0,0,0,0,0,0,0
"suy",TRUE,TRUE,TRUE,TRUE,0,0,0,0,0,0,0,0
"swa",TRUE,TRUE,FALSE,TRUE,0,0,0,0,0,0,0,0
"sway",TRUE,TRUE,TRUE,TRUE,0,0,0,0,0,0,0,0
"swe",TRUE,TRUE,TRUE,TRUE,0,0,0,0,0,0,0,0
"swé",TRUE,TRUE,FALSE,TRUE,0,0,0,0,0,0,0,0
"swi",TRUE,TRUE,TRUE,TRUE,0,0,0,0,0,0,0,0
"swo",TRUE,TRUE,TRUE,FALSE,0,0,0,0,0,0,0,0
"swu",FALSE,TRUE,TRUE,TRUE,0,0,0,0,0,0,0,0
"swy",TRUE,TRUE,TRUE,TRUE,0,0,0,0,0,0,0,0
"sy",TRUE,TRUE,TRUE,TRUE,0,0,0,0,0,0,0,0
"sza",FALSE,TRUE,FALSE,TRUE,0,0,0,0,0,0,0,0
"szay",FALSE,TRUE,TRUE,FALSE,0,0,0,0,0,0,0,0
"sze",FALSE,TRUE,TRUE,TRUE,0,0,0,0,0,0,0,0
"szé",FALSE,TRUE,FALSE,TRUE,0,0,0,0,0,0,0,0
"szi",FALSE,TRUE,TRUE,TRUE,0,0,0,0,0,0,0,0
"szo",FALSE,TRUE,TRUE,FALSE,0,0,0,0,0,0,0,0
"szu",FALSE,TRUE,TRUE,TRUE,0,0,0,0,0,0,0,0
"szy",FALSE,TRUE,TRUE,TRUE,0,0,0,0,0,0,0,0
"t'",TRUE,FALSE,FALSE,FALSE,1,0,0,0,0,0,0,0
"ta",TRUE,TRUE,FALSE,TRUE,0,0,0,0,0,0,0,0
"tae",TRUE,TRUE,TRUE,TRUE,0,0,0,0,0,0,0,0
"taé",TRUE,TRUE,FALSE,TRUE,0,0,0,0,0,0,0,0
"tay",TRUE,TRUE,TRUE,TRUE,0,0,0,0,0,0,0,0
"te",TRUE,TRUE,TRUE,TRUE,0,0,0,0,0,0,0,0
"té",TRUE,TRUE,TRUE,TRUE,0,0,0,0,0,0,0,0
"th'",TRUE,FALSE,FALSE,FALSE,0,0,0,0,0,0,0,0
"tha",TRUE,TRUE,FALSE,TRUE,0,0,0,0,0,0,0,0
"the",TRUE,TRUE,TRUE,TRUE,0,0,0,0,0,0,0,0
"thé",TRUE,TRUE,FALSE,TRUE,0,0,0,0,0,0,0,0
"thi",TRUE,TRUE,TRUE,TRUE,0,0,0,0,0,0,0,0
"tho",TRUE,TRUE,TRUE,FALSE,0,0,1,0,0,0,0,0
"thoo",FALSE,TRUE,TRUE,TRUE,0,0,0,0,0,0,1,0
"thr'",TRUE,FALSE,FALSE,FALSE,0,0,0,0,0,0,0,0
"thra",TRUE,TRUE,FALSE,TRUE,0,0,0,0,0,0,0,0
"thre",TRUE,TRUE,TRUE,TRUE,0,0,0,0,0,0,0,0
"thré",TRUE,TRUE,TRUE,TRUE,0,0,0,0,0,0,0,0
"thri",TRUE,TRUE,TRUE,TRUE,0,0,0,0,0,0,0,0
"thro",TRUE,TRUE,TRUE,FALSE,0,0,0,0,0,0,0,0
"throo",FALSE,TRUE,TRUE,TRUE,0,0,0,0,0,0,0,0
"thru",TRUE,TRUE,TRUE,TRUE,0,0,0,0,0,0,0,0
"thry",TRUE,TRUE,TRUE,TRUE,0,0,0,0,0,0,0,0
"thu",TRUE,TRUE,TRUE,TRUE,0,0,0,0,0,0,0,0
"thuy",TRUE,TRUE,TRUE,TRUE,0,0,0,0,0,0,0,0
"thy",TRUE,TRUE,TRUE,TRUE,0,0,0,0,0,0,0,0
"ti",TRUE,TRUE,TRUE,TRUE,0,0,0,0,0,0,0,0
"tjy",TRUE,TRUE,TRUE,TRUE,0,0,1,0,0,0,0,0
"to",TRUE,TRUE,TRUE,FALSE,0,0,0,0,0,0,0,0
"too",FALSE,TRUE,TRUE,TRUE,0,0,0,0,0,0,0,0
"tr'",TRUE,FALSE,FALSE,FALSE,0,0,0,0,0,0,0,0
"tra",TRUE,TRUE,FALSE,TRUE,0,0,0,0,0,0,1,0
"trae",TRUE,TRUE,TRUE,TRUE,0,0,0,0,0,0,0,0
"traé",TRUE,TRUE,FALSE,TRUE,0,0,0,0,0,0,0,0
"tray",TRUE,TRUE,TRUE,FALSE,0,0,1,0,0,0,0,0
"tre",TRUE,TRUE,TRUE,TRUE,0,0,0,0,0,0,0,0
"tré",TRUE,TRUE,FALSE,TRUE,0,0,0,0,0,0,0,0
"tri",TRUE,TRUE,TRUE,TRUE,0,0,0,0,0,0,0,0
"tro",TRUE,TRUE,TRUE,FALSE,0,0,0,0,0,0,0,0
"tru",TRUE,TRUE,TRUE,TRUE,0,0,0,0,0,0,0,0
"try",TRUE,TRUE,TRUE,TRUE,0,0,0,0,0,0,0,0
"ts'",TRUE,FALSE,FALSE,FALSE,0,0,0,0,0,0,0,0
"tsa",TRUE,TRUE,FALSE,TRUE,0,0,0,0,0,0,0,0
"tsay",TRUE,TRUE,FALSE,TRUE,0,0,0,0,0,0,0,0
"tse",TRUE,TRUE,TRUE,TRUE,0,0,0,0,0,0,0,0
"tsé",TRUE,TRUE,FALSE,TRUE,1,0,0,0,0,0,0,0
"tsi",TRUE,TRUE,TRUE,TRUE,0,0,0,0,0,0,0,0
"tso",TRUE,TRUE,TRUE,FALSE,0,0,0,0,0,0,0,0
"tsoo",FALSE,TRUE,TRUE,TRUE,0,0,0,0,0,0,0,0
"tsu",TRUE,TRUE,TRUE,TRUE,0,0,0,0,0,0,0,0
"tsy",TRUE,TRUE,TRUE,TRUE,0,0,0,0,0,0,0,0
"tu",TRUE,TRUE,TRUE,TRUE,0,0,0,0,0,0,0,0
"twa",FALSE,TRUE,FALSE,TRUE,0,0,0,0,0,0,0,0
"tway",FALSE,TRUE,TRUE,FALSE,0,0,0,0,0,0,0,0
"twe",TRUE,TRUE,TRUE,TRUE,0,0,0,0,0,0,0,0
"twé",TRUE,TRUE,TRUE,TRUE,0,0,0,0,0,0,0,0
"twi",TRUE,TRUE,TRUE,TRUE,0,0,0,0,0,0,0,0
"two",TRUE,TRUE,TRUE,FALSE,0,0,0,0,0,0,0,0
"twy",TRUE,TRUE,TRUE,TRUE,0,0,0,0,0,0,0,0
"ty",TRUE,TRUE,TRUE,TRUE,0,0,0,0,0,0,0,0
"u'",TRUE,FALSE,FALSE,FALSE,0,0,0,0,0,0,0,0
"ua",TRUE,TRUE,FALSE,TRUE,0,0,0,0,0,0,0,0
"uay",TRUE,TRUE,TRUE,FALSE,0,0,0,0,0,0,0,0
"ue",TRUE,TRUE,TRUE,TRUE,0,0,0,0,0,0,0,0
"ué",TRUE,TRUE,FALSE,TRUE,1,0,1,0,0,0,0,0
"ui",TRUE,TRUE,TRUE,TRUE,0,0,0,0,0,0,0,0
"un",TRUE,TRUE,TRUE,TRUE,0,0,0,0,0,0,0,0
"uo",TRUE,TRUE,TRUE,FALSE,0,0,0,0,0,0,0,0
"uu",TRUE,TRUE,TRUE,TRUE,0,0,0,0,0,0,0,0
"uu'",TRUE,FALSE,FALSE,FALSE,0,0,0,0,0,0,0,0
"uy",TRUE,TRUE,TRUE,TRUE,0,0,0,0,0,0,0,0
"uze",FALSE,TRUE,TRUE,TRUE,0,0,0,0,0,0,0,0
"uzé",FALSE,TRUE,FALSE,TRUE,0,0,0,0,0,0,0,0
"v'",TRUE,FALSE,FALSE,FALSE,0,0,0,0,0,0,0,0
"va",TRUE,TRUE,FALSE,TRUE,0,0,0,0,0,0,0,0
"vae",TRUE,TRUE,TRUE,TRUE,0,0,1,0,0,0,0,0
"vaé",TRUE,TRUE,FALSE,TRUE,0,0,0,0,0,0,0,0
"vay",TRUE,TRUE,FALSE,TRUE,0,0,0,0,0,0,0,0
"ve",TRUE,TRUE,TRUE,TRUE,0,0,0,0,0,0,0,0
"vé",TRUE,TRUE,FALSE,TRUE,0,0,0,0,0,0,1,0
"vi",TRUE,TRUE,TRUE,TRUE,0,0,0,0,0,0,0,0
"vo",TRUE,TRUE,TRUE,FALSE,0,0,1,0,0,0,0,0
"vonne",FALSE,TRUE,TRUE,TRUE,0,0,0,0,0,0,0,0
"vonné",FALSE,TRUE,FALSE,TRUE,0,0,0,0,0,0,0,0
"voo",FALSE,TRUE,TRUE,TRUE,0,0,0,0,0,0,0,0
"vu",TRUE,TRUE,TRUE,TRUE,0,0,0,0,0,0,0,0
"vuy",TRUE,TRUE,TRUE,TRUE,0,0,0,0,0,0,0,0
"vy",TRUE,TRUE,TRUE,TRUE,0,0,0,0,0,0,0,0
"w'",TRUE,FALSE,FALSE,FALSE,0,0,1,0,0,0,0,0
"wa",TRUE,TRUE,FALSE,TRUE,0,0,0,0,0,0,0,0
"way",TRUE,TRUE,TRUE,FALSE,0,0,0,0,0,0,0,0
"we",TRUE,TRUE,TRUE,TRUE,0,0,0,0,0,0,0,0
"wé",TRUE,TRUE,TRUE,TRUE,0,0,0,0,0,0,0,0
"wi",TRUE,TRUE,TRUE,TRUE,1,0,0,0,0,0,0,0
"wo",TRUE,TRUE,TRUE,FALSE,0,0,0,0,0,0,0,0
"woo",FALSE,TRUE,TRUE,TRUE,0,0,0,0,0,0,0,0
"wra",TRUE,TRUE,FALSE,TRUE,0,0,0,0,0,0,0,0
"wray",TRUE,TRUE,TRUE,FALSE,0,0,0,0,0,0,0,0
"wre",TRUE,TRUE,TRUE,TRUE,0,0,0,0,0,0,0,0
"wré",TRUE,TRUE,TRUE,TRUE,0,0,0,0,0,0,0,0
"wri",TRUE,TRUE,TRUE,TRUE,0,0,0,0,0,0,0,0
"wro",TRUE,TRUE,TRUE,FALSE,0,0,0,0,0,0,0,0
"wru",FALSE,TRUE,TRUE,TRUE,0,0,0,0,0,0,0,0
"wry",TRUE,TRUE,TRUE,TRUE,0,0,0,0,0,0,0,0
"wu",TRUE,TRUE,TRUE,TRUE,0,0,0,0,0,0,0,0
"wy",TRUE,TRUE,TRUE,TRUE,0,0,0,0,0,0,0,0
"wyk",FALSE,FALSE,TRUE,FALSE,0,0,0,0,0,0,0,0
"x'",TRUE,FALSE,FALSE,FALSE,0,0,0,0,0,0,0,0
"xa",TRUE,TRUE,FALSE,TRUE,0,0,0,0,0,0,0,0
"xe",TRUE,TRUE,TRUE,TRUE,0,0,0,0,0,0,0,0
"xé",TRUE,TRUE,FALSE,TRUE,0,0,0,0,0,0,0,0
"xi",TRUE,TRUE,TRUE,TRUE,0,0,0,0,0,0,0,0
"xo",TRUE,TRUE,TRUE,FALSE,0,0,0,0,0,0,0,0
"xoo",FALSE,TRUE,TRUE,TRUE,0,0,0,0,0,0,0,0
"xu",TRUE,TRUE,TRUE,TRUE,0,0,1,0,0,0,0,0
"xy",FALSE,TRUE,TRUE,TRUE,0,0,0,0,0,0,0,0
"y'",TRUE,FALSE,FALSE,FALSE,1,0,0,0,0,0,0,0
"ya",TRUE,TRUE,FALSE,TRUE,0,0,0,0,0,0,0,0
"yae",TRUE,TRUE,TRUE,TRUE,0,0,0,0,0,0,0,0
"yaé",TRUE,TRUE,FALSE,TRUE,0,0,0,0,0,0,0,0
"yay",TRUE,TRUE,FALSE,TRUE,0,0,0,0,0,0,0,0
"ye",TRUE,TRUE,TRUE,TRUE,0,0,0,0,0,0,0,0
"yé",TRUE,TRUE,TRUE,TRUE,0,0,0,0,0,0,0,0
"yi",TRUE,TRUE,TRUE,TRUE,0,0,0,0,0,0,0,0
"yo",TRUE,TRUE,TRUE,FALSE,0,0,0,0,0,0,0,0
"yon",FALSE,FALSE,TRUE,FALSE,0,0,0,0,0,0,0,0
"yonne",FALSE,FALSE,FALSE,TRUE,0,0,0,0,0,0,0,0
"yoo",FALSE,TRUE,TRUE,TRUE,0,0,0,0,0,0,0,0
"yu",TRUE,TRUE,TRUE,TRUE,0,0,0,0,0,0,0,0
"z'",TRUE,FALSE,FALSE,FALSE,0,0,0,0,0,0,0,0
"za",TRUE,TRUE,FALSE,TRUE,0,0,0,0,0,0,0,0
"zay",TRUE,TRUE,TRUE,TRUE,0,0,0,0,0,0,0,0
"ze",TRUE,TRUE,TRUE,TRUE,0,0,0,0,0,0,0,0
"zé",TRUE,TRUE,FALSE,TRUE,0,0,0,0,0,0,0,0
"zh'",TRUE,FALSE,FALSE,FALSE,0,0,0,0,0,0,0,0
"zha",TRUE,TRUE,FALSE,TRUE,0,0,0,0,0,0,0,0
"zhay",TRUE,TRUE,FALSE,TRUE,0,0,0,0,0,0,0,0
"zhe",TRUE,TRUE,TRUE,TRUE,0,0,0,0,0,0,0,0
"zhé",TRUE,TRUE,FALSE,TRUE,0,0,0,0,0,0,0,0
"zhi",TRUE,TRUE,TRUE,TRUE,1,0,0,0,0,0,0,0
"zho",TRUE,TRUE,TRUE,FALSE,0,0,0,0,0,0,0,0
"zhoo",FALSE,TRUE,TRUE,TRUE,0,0,0,0,0,0,0,0
"zhu",TRUE,TRUE,TRUE,TRUE,0,0,0,0,0,0,0,0
"zhuy",TRUE,TRUE,TRUE,TRUE,0,0,0,0,0,0,0,0
"zhy",TRUE,TRUE,TRUE,TRUE,0,0,0,0,0,0,0,0
"zi",TRUE,TRUE,TRUE,TRUE,0,0,0,0,0,0,0,0
"zo",TRUE,TRUE,TRUE,FALSE,0,0,0,0,0,0,0,0
"zoo",FALSE,TRUE,TRUE,TRUE,0,0,0,0,0,0,0,0
"zu",TRUE,TRUE,TRUE,TRUE,0,0,0,0,0,0,0,0
"zuy",TRUE,TRUE,TRUE,TRUE,0,0,0,0,0,0,0,0
"zy",TRUE,TRUE,TRUE,TRUE,0,0,0,0,0,0,0,0
